e,"some
"
H,"
"
h,"to
"
EIGHT,"
"
2,"your
"
4,"
"
B,"
"
g,"data
"
G,"
"
1,"describe
"
FIVE,"
"
FOUR,"
"
A,"
"
SIX,"
"
F,"
"
a,"here
"
f,"meta
"
5,"
"
SEVEN,"
"
3,"items
"
SIX,"
"
ONE,"
"
7,"
"
D,"
"
H,"
"
5,"
"
TWO,"
"
h,"to
"
g,"data
"
F,"
"
b,"you
"
E,"
"
G,"
"
EIGHT,"
"
4,"
"
f,"meta
"
6,"
"
SEVEN,"
"
8,"
"
a,"here
"
G,"
"
4,"
"
SEVEN,"
"
D,"
"
SIX,"
"
e,"some
"
ONE,"
"
f,"meta
"
1,"describe
"
F,"
"
3,"items
"
8,"
"
2,"your
"
b,"you
"
c,"could
"
EIGHT,"
"
FIVE,"
"
C,"
"
E,"
"
d,"add
"
SEVEN,"
"
d,"add
"
"THREE
"
FOUR,"
"
FIVE,"
"
A,"
"
D,"
"
e,"some
"
C,"
"
SIX,"
"
4,"
"
6,"
"
2,"your
"
c,"could
"
5,"
"
g,"data
"
B,"
"
f,"meta
"
3,"items
"
E,"
"
5,"
"
A,"
"
G,"
"
h,"to
"
c,"could
"
ONE,"
"
"THREE
"
H,"
"
1,"describe
"
E,"
"
b,"you
"
SEVEN,"
"
6,"
"
a,"here
"
EIGHT,"
"
8,"
"
TWO,"
"
F,"
"
g,"data
"
7,"
"
C,"
"
ONE,"
"
4,"
"
D,"
"
B,"
"
5,"
"
3,"items
"
h,"to
"
d,"add
"
f,"meta
"
e,"some
"
6,"
"
E,"
"
7,"
"
EIGHT,"
"
FOUR,"
"
F,"
"
g,"data
"
TWO,"
"
"THREE
"
e,"some
"
TWO,"
"
c,"could
"
A,"
"
2,"your
"
FIVE,"
"
B,"
"
3,"items
"
1,"describe
"
FOUR,"
"
b,"you
"
a,"here
"
H,"
"
D,"
"
7,"
"
C,"
"
8,"
"
ONE,"
"
"THREE
"
d,"add
"
"THREE
"
d,"add
"
H,"
"
7,"
"
1,"describe
"
h,"to
"
B,"
"
FOUR,"
"
c,"could
"
C,"
"
G,"
"
FIVE,"
"
A,"
"
2,"your
"
a,"here
"
SIX,"
"
8,"
"
b,"you
"
TWO,"
"
6,"
"
